{
  "faultCodes": {
    "0": {"description": "All systems OK (no faults)", "status": "Green"},
    "1": {"description": "RTC Fault (Nano)", "status": "Yellow"},
    "2": {"description": "LoRa Fault (Nano)", "status": "Yellow"},
    "3": {"description": "RTC Fault + LoRa Fault (Nano)", "status": "Yellow"},
    "4": {"description": "Modbus Fault (Nano)", "status": "Yellow"},
    "5": {"description": "RTC Fault + Modbus Fault (Nano)", "status": "Yellow"},
    "6": {"description": "LoRa Fault + Modbus Fault (Nano)", "status": "Yellow"},
    "7": {"description": "RTC Fault + LoRa Fault + Modbus Fault (Nano)", "status": "Yellow"},
    "8": {"description": "Moisture Sensor Fault (Nano)", "status": "Yellow"},
    "9": {"description": "RTC Fault + Moisture Sensor Fault (Nano)", "status": "Yellow"},
    "10": {"description": "LoRa Fault + Moisture Sensor Fault (Nano)", "status": "Yellow"},
    "11": {"description": "RTC Fault + LoRa Fault + Moisture Sensor Fault (Nano)", "status": "Yellow"},
    "12": {"description": "Modbus Fault + Moisture Sensor Fault (Nano)", "status": "Yellow"},
    "13": {"description": "RTC Fault + Modbus Fault + Moisture Sensor Fault (Nano)", "status": "Yellow"},
    "14": {"description": "LoRa Fault + Modbus Fault + Moisture Sensor Fault (Nano)", "status": "Yellow"},
    "15": {"description": "RTC Fault + LoRa Fault + Modbus Fault + Moisture Sensor Fault (Nano)", "status": "Yellow"},
    "16": {"description": "WiFi Fault (ESP8266)", "status": "Orange/Red"},
    "17": {"description": "RTC Fault (Nano) + WiFi Fault (ESP8266)", "status": "Orange/Red"},
    "18": {"description": "LoRa Fault (Nano) + WiFi Fault (ESP8266)", "status": "Orange/Red"},
    "19": {"description": "RTC Fault + LoRa Fault (Nano) + WiFi Fault (ESP8266)", "status": "Orange/Red"},
    "20": {"description": "Modbus Fault (Nano) + WiFi Fault (ESP8266)", "status": "Orange/Red"},
    "21": {"description": "RTC Fault + Modbus Fault (Nano) + WiFi Fault (ESP8266)", "status": "Orange/Red"},
    "22": {"description": "LoRa Fault + Modbus Fault (Nano) + WiFi Fault (ESP8266)", "status": "Orange/Red"},
    "23": {"description": "RTC Fault + LoRa Fault + Modbus Fault (Nano) + WiFi Fault (ESP8266)", "status": "Orange/Red"},
    "24": {"description": "Moisture Sensor Fault (Nano) + WiFi Fault (ESP8266)", "status": "Orange/Red"},
    "25": {"description": "RTC Fault + Moisture Sensor Fault (Nano) + WiFi Fault (ESP8266)", "status": "Orange/Red"},
    "26": {"description": "LoRa Fault + Moisture Sensor Fault (Nano) + WiFi Fault (ESP8266)", "status": "Orange/Red"},
    "27": {"description": "RTC Fault + LoRa Fault + Moisture Sensor Fault (Nano) + WiFi Fault (ESP8266)", "status": "Orange/Red"},
    "28": {"description": "Modbus Fault + Moisture Sensor Fault (Nano) + WiFi Fault (ESP8266)", "status": "Orange/Red"},
    "29": {"description": "RTC Fault + Modbus Fault + Moisture Sensor Fault (Nano) + WiFi Fault (ESP8266)", "status": "Orange/Red"},
    "30": {"description": "LoRa Fault + Modbus Fault + Moisture Sensor Fault (Nano) + WiFi Fault (ESP8266)", "status": "Orange/Red"},
    "31": {"description": "RTC Fault + LoRa Fault + Modbus Fault + Moisture Sensor Fault (Nano) + WiFi Fault (ESP8266)", "status": "Orange/Red"},
    "32": {"description": "DHT11 Fault (ESP8266)", "status": "Orange/Red"},
    "33": {"description": "RTC Fault (Nano) + DHT11 Fault (ESP8266)", "status": "Orange/Red"},
    "34": {"description": "LoRa Fault (Nano) + DHT11 Fault (ESP8266)", "status": "Orange/Red"},
    "35": {"description": "RTC Fault + LoRa Fault (Nano) + DHT11 Fault (ESP8266)", "status": "Orange/Red"},
    "36": {"description": "Modbus Fault (Nano) + DHT11 Fault (ESP8266)", "status": "Orange/Red"},
    "37": {"description": "RTC Fault + Modbus Fault (Nano) + DHT11 Fault (ESP8266)", "status": "Orange/Red"},
    "38": {"description": "LoRa Fault + Modbus Fault (Nano) + DHT11 Fault (ESP8266)", "status": "Orange/Red"},
    "39": {"description": "RTC Fault + LoRa Fault + Modbus Fault (Nano) + DHT11 Fault (ESP8266)", "status": "Orange/Red"},
    "40": {"description": "Moisture Sensor Fault (Nano) + DHT11 Fault (ESP8266)", "status": "Orange/Red"},
    "41": {"description": "RTC Fault + Moisture Sensor Fault (Nano) + DHT11 Fault (ESP8266)", "status": "Orange/Red"},
    "42": {"description": "LoRa Fault + Moisture Sensor Fault (Nano) + DHT11 Fault (ESP8266)", "status": "Orange/Red"},
    "43": {"description": "RTC Fault + LoRa Fault + Moisture Sensor Fault (Nano) + DHT11 Fault (ESP8266)", "status": "Orange/Red"},
    "44": {"description": "Modbus Fault + Moisture Sensor Fault (Nano) + DHT11 Fault (ESP8266)", "status": "Orange/Red"},
    "45": {"description": "RTC Fault + Modbus Fault + Moisture Sensor Fault (Nano) + DHT11 Fault (ESP8266)", "status": "Orange/Red"},
    "46": {"description": "LoRa Fault + Modbus Fault + Moisture Sensor Fault (Nano) + DHT11 Fault (ESP8266)", "status": "Orange/Red"},
    "47": {"description": "RTC Fault + LoRa Fault + Modbus Fault + Moisture Sensor Fault (Nano) + DHT11 Fault (ESP8266)", "status": "Orange/Red"},
    "48": {"description": "WiFi Fault + DHT11 Fault (ESP8266)", "status": "Orange/Red"},
    "49": {"description": "RTC Fault (Nano) + WiFi Fault + DHT11 Fault (ESP8266)", "status": "Orange/Red"},
    "50": {"description": "LoRa Fault (Nano) + WiFi Fault + DHT11 Fault (ESP8266)", "status": "Orange/Red"},
    "51": {"description": "RTC Fault + LoRa Fault (Nano) + WiFi Fault + DHT11 Fault (ESP8266)", "status": "Orange/Red"},
    "52": {"description": "Modbus Fault (Nano) + WiFi Fault + DHT11 Fault (ESP8266)", "status": "Orange/Red"},
    "53": {"description": "RTC Fault + Modbus Fault (Nano) + WiFi Fault + DHT11 Fault (ESP8266)", "status": "Orange/Red"},
    "54": {"description": "LoRa Fault + Modbus Fault (Nano) + WiFi Fault + DHT11 Fault (ESP8266)", "status": "Orange/Red"},
    "55": {"description": "RTC Fault + LoRa Fault + Modbus Fault (Nano) + WiFi Fault + DHT11 Fault (ESP8266)", "status": "Orange/Red"},
    "56": {"description": "Moisture Sensor Fault (Nano) + WiFi Fault + DHT11 Fault (ESP8266)", "status": "Orange/Red"},
    "57": {"description": "RTC Fault + Moisture Sensor Fault (Nano) + WiFi Fault + DHT11 Fault (ESP8266)", "status": "Orange/Red"},
    "58": {"description": "LoRa Fault + Moisture Sensor Fault (Nano) + WiFi Fault + DHT11 Fault (ESP8266)", "status": "Orange/Red"},
    "59": {"description": "RTC Fault + LoRa Fault + Moisture Sensor Fault (Nano) + WiFi Fault + DHT11 Fault (ESP8266)", "status": "Orange/Red"},
    "60": {"description": "Modbus Fault + Moisture Sensor Fault (Nano) + WiFi Fault + DHT11 Fault (ESP8266)", "status": "Orange/Red"},
    "61": {"description": "RTC Fault + Modbus Fault + Moisture Sensor Fault (Nano) + WiFi Fault + DHT11 Fault (ESP8266)", "status": "Orange/Red"},
    "62": {"description": "LoRa Fault + Modbus Fault + Moisture Sensor Fault (Nano) + WiFi Fault + DHT11 Fault (ESP8266)", "status": "Orange/Red"},
    "63": {"description": "RTC Fault + LoRa Fault + Modbus Fault + Moisture Sensor Fault (Nano) + WiFi Fault + DHT11 Fault (ESP8266)", "status": "Orange/Red"},
    "64": {"description": "DS18B20 Fault (ESP8266)", "status": "Orange/Red"},
    "65": {"description": "RTC Fault (Nano) + DS18B20 Fault (ESP8266)", "status": "Orange/Red"},
    "66": {"description": "LoRa Fault (Nano) + DS18B20 Fault (ESP8266)", "status": "Orange/Red"},
    "67": {"description": "RTC Fault + LoRa Fault (Nano) + DS18B20 Fault (ESP8266)", "status": "Orange/Red"},
    "68": {"description": "Modbus Fault (Nano) + DS18B20 Fault (ESP8266)", "status": "Orange/Red"},
    "69": {"description": "RTC Fault + Modbus Fault (Nano) + DS18B20 Fault (ESP8266)", "status": "Orange/Red"},
    "70": {"description": "LoRa Fault + Modbus Fault (Nano) + DS18B20 Fault (ESP8266)", "status": "Orange/Red"},
    "71": {"description": "RTC Fault + LoRa Fault + Modbus Fault (Nano) + DS18B20 Fault (ESP8266)", "status": "Orange/Red"},
    "72": {"description": "Moisture Sensor Fault (Nano) + DS18B20 Fault (ESP8266)", "status": "Orange/Red"},
    "73": {"description": "RTC Fault + Moisture Sensor Fault (Nano) + DS18B20 Fault (ESP8266)", "status": "Orange/Red"},
    "74": {"description": "LoRa Fault + Moisture Sensor Fault (Nano) + DS18B20 Fault (ESP8266)", "status": "Orange/Red"},
    "75": {"description": "RTC Fault + LoRa Fault + Moisture Sensor Fault (Nano) + DS18B20 Fault (ESP8266)", "status": "Orange/Red"},
    "76": {"description": "Modbus Fault + Moisture Sensor Fault (Nano) + DS18B20 Fault (ESP8266)", "status": "Orange/Red"},
    "77": {"description": "RTC Fault + Modbus Fault + Moisture Sensor Fault (Nano) + DS18B20 Fault (ESP8266)", "status": "Orange/Red"},
    "78": {"description": "LoRa Fault + Modbus Fault + Moisture Sensor Fault (Nano) + DS18B20 Fault (ESP8266)", "status": "Orange/Red"},
    "79": {"description": "RTC Fault + LoRa Fault + Modbus Fault + Moisture Sensor Fault (Nano) + DS18B20 Fault (ESP8266)", "status": "Orange/Red"},
    "80": {"description": "WiFi Fault + DS18B20 Fault (ESP8266)", "status": "Orange/Red"},
    "81": {"description": "RTC Fault (Nano) + WiFi Fault + DS18B20 Fault (ESP8266)", "status": "Orange/Red"},
    "82": {"description": "LoRa Fault (Nano) + WiFi Fault + DS18B20 Fault (ESP8266)", "status": "Orange/Red"},
    "83": {"description": "RTC Fault + LoRa Fault (Nano) + WiFi Fault + DS18B20 Fault (ESP8266)", "status": "Orange/Red"},
    "84": {"description": "Modbus Fault (Nano) + WiFi Fault + DS18B20 Fault (ESP8266)", "status": "Orange/Red"},
    "85": {"description": "RTC Fault + Modbus Fault (Nano) + WiFi Fault + DS18B20 Fault (ESP8266)", "status": "Orange/Red"},
    "86": {"description": "LoRa Fault + Modbus Fault (Nano) + WiFi Fault + DS18B20 Fault (ESP8266)", "status": "Orange/Red"},
    "87": {"description": "RTC Fault + LoRa Fault + Modbus Fault (Nano) + WiFi Fault + DS18B20 Fault (ESP8266)", "status": "Orange/Red"},
    "88": {"description": "Moisture Sensor Fault (Nano) + WiFi Fault + DS18B20 Fault (ESP8266)", "status": "Orange/Red"},
    "89": {"description": "RTC Fault + Moisture Sensor Fault (Nano) + WiFi Fault + DS18B20 Fault (ESP8266)", "status": "Orange/Red"},
    "90": {"description": "LoRa Fault + Moisture Sensor Fault (Nano) + WiFi Fault + DS18B20 Fault (ESP8266)", "status": "Orange/Red"},
    "91": {"description": "RTC Fault + LoRa Fault + Moisture Sensor Fault (Nano) + WiFi Fault + DS18B20 Fault (ESP8266)", "status": "Orange/Red"},
    "92": {"description": "Modbus Fault + Moisture Sensor Fault (Nano) + WiFi Fault + DS18B20 Fault (ESP8266)", "status": "Orange/Red"},
    "93": {"description": "RTC Fault + Modbus Fault + Moisture Sensor Fault (Nano) + WiFi Fault + DS18B20 Fault (ESP8266)", "status": "Orange/Red"},
    "94": {"description": "LoRa Fault + Modbus Fault + Moisture Sensor Fault (Nano) + WiFi Fault + DS18B20 Fault (ESP8266)", "status": "Orange/Red"},
    "95": {"description": "RTC Fault + LoRa Fault + Modbus Fault + Moisture Sensor Fault (Nano) + WiFi Fault + DS18B20 Fault (ESP8266)", "status": "Orange/Red"},
    "96": {"description": "WiFi Fault + DHT11 Fault + DS18B20 Fault (ESP8266)", "status": "Orange/Red"},
    "97": {"description": "RTC Fault (Nano) + WiFi Fault + DHT11 Fault + DS18B20 Fault (ESP8266)", "status": "Orange/Red"},
    "98": {"description": "LoRa Fault (Nano) + WiFi Fault + DHT11 Fault + DS18B20 Fault (ESP8266)", "status": "Orange/Red"},
    "99": {"description": "RTC Fault + LoRa Fault (Nano) + WiFi Fault + DHT11 Fault + DS18B20 Fault (ESP8266)", "status": "Orange/Red"},
    "100": {"description": "Modbus Fault (Nano) + WiFi Fault + DHT11 Fault + DS18B20 Fault (ESP8266)", "status": "Orange/Red"},
    "101": {"description": "RTC Fault + Modbus Fault (Nano) + WiFi Fault + DHT11 Fault + DS18B20 Fault (ESP8266)", "status": "Orange/Red"},
    "102": {"description": "LoRa Fault + Modbus Fault (Nano) + WiFi Fault + DHT11 Fault + DS18B20 Fault (ESP8266)", "status": "Orange/Red"},
    "103": {"description": "RTC Fault + LoRa Fault + Modbus Fault (Nano) + WiFi Fault + DHT11 Fault + DS18B20 Fault (ESP8266)", "status": "Orange/Red"},
    "104": {"description": "Moisture Sensor Fault (Nano) + WiFi Fault + DHT11 Fault + DS18B20 Fault (ESP8266)", "status": "Orange/Red"},
    "105": {"description": "RTC Fault + Moisture Sensor Fault (Nano) + WiFi Fault + DHT11 Fault + DS18B20 Fault (ESP8266)", "status": "Orange/Red"},
    "106": {"description": "LoRa Fault + Moisture Sensor Fault (Nano) + WiFi Fault + DHT11 Fault + DS18B20 Fault (ESP8266)", "status": "Orange/Red"},
    "107": {"description": "RTC Fault + LoRa Fault + Moisture Sensor Fault (Nano) + WiFi Fault + DHT11 Fault + DS18B20 Fault (ESP8266)", "status": "Orange/Red"},
    "108": {"description": "Modbus Fault + Moisture Sensor Fault (Nano) + WiFi Fault + DHT11 Fault + DS18B20 Fault (ESP8266)", "status": "Orange/Red"},
    "109": {"description": "RTC Fault + Modbus Fault + Moisture Sensor Fault (Nano) + WiFi Fault + DHT11 Fault + DS18B20 Fault (ESP8266)", "status": "Orange/Red"},
    "110": {"description": "LoRa Fault + Modbus Fault + Moisture Sensor Fault (Nano) + WiFi Fault + DHT11 Fault + DS18B20 Fault (ESP8266)", "status": "Orange/Red"},
    "111": {"description": "RTC Fault + LoRa Fault + Modbus Fault + Moisture Sensor Fault (Nano) + WiFi Fault + DHT11 Fault + DS18B20 Fault (ESP8266)", "status": "Orange/Red"},
    "112": {"description": "MQ135 Fault (ESP8266)", "status": "Orange/Red"},
    "113": {"description": "RTC Fault (Nano) + MQ135 Fault (ESP8266)", "status": "Orange/Red"},
    "114": {"description": "LoRa Fault (Nano) + MQ135 Fault (ESP8266)", "status": "Orange/Red"},
    "115": {"description": "RTC Fault + LoRa Fault (Nano) + MQ135 Fault (ESP8266)", "status": "Orange/Red"},
    "116": {"description": "Modbus Fault (Nano) + MQ135 Fault (ESP8266)", "status": "Orange/Red"},
    "117": {"description": "RTC Fault + Modbus Fault (Nano) + MQ135 Fault (ESP8266)", "status": "Orange/Red"},
    "118": {"description": "LoRa Fault + Modbus Fault (Nano) + MQ135 Fault (ESP8266)", "status": "Orange/Red"},
    "119": {"description": "RTC Fault + LoRa Fault + Modbus Fault (Nano) + MQ135 Fault (ESP8266)", "status": "Orange/Red"},
    "120": {"description": "Moisture Sensor Fault (Nano) + MQ135 Fault (ESP8266)", "status": "Orange/Red"},
    "121": {"description": "RTC Fault + Moisture Sensor Fault (Nano) + MQ135 Fault (ESP8266)", "status": "Orange/Red"},
    "122": {"description": "LoRa Fault + Moisture Sensor Fault (Nano) + MQ135 Fault (ESP8266)", "status": "Orange/Red"},
    "123": {"description": "RTC Fault + LoRa Fault + Moisture Sensor Fault (Nano) + MQ135 Fault (ESP8266)", "status": "Orange/Red"},
    "124": {"description": "Modbus Fault + Moisture Sensor Fault (Nano) + MQ135 Fault (ESP8266)", "status": "Orange/Red"},
    "125": {"description": "RTC Fault + Modbus Fault + Moisture Sensor Fault (Nano) + MQ135 Fault (ESP8266)", "status": "Orange/Red"},
    "126": {"description": "LoRa Fault + Modbus Fault + Moisture Sensor Fault (Nano) + MQ135 Fault (ESP8266)", "status": "Orange/Red"},
    "127": {"description": "RTC Fault + LoRa Fault + Modbus Fault + Moisture Sensor Fault (Nano) + MQ135 Fault (ESP8266)", "status": "Orange/Red"},
    "128": {"description": "WiFi Fault + MQ135 Fault (ESP8266)", "status": "Orange/Red"},
    "129": {"description": "RTC Fault (Nano) + WiFi Fault + MQ135 Fault (ESP8266)", "status": "Orange/Red"},
    "130": {"description": "LoRa Fault (Nano) + WiFi Fault + MQ135 Fault (ESP8266)", "status": "Orange/Red"},
    "131": {"description": "RTC Fault + LoRa Fault (Nano) + WiFi Fault + MQ135 Fault (ESP8266)", "status": "Orange/Red"},
    "132": {"description": "Modbus Fault (Nano) + WiFi Fault + MQ135 Fault (ESP8266)", "status": "Orange/Red"},
    "133": {"description": "RTC Fault + Modbus Fault (Nano) + WiFi Fault + MQ135 Fault (ESP8266)", "status": "Orange/Red"},
    "134": {"description": "LoRa Fault + Modbus Fault (Nano) + WiFi Fault + MQ135 Fault (ESP8266)", "status": "Orange/Red"},
    "135": {"description": "RTC Fault + LoRa Fault + Modbus Fault (Nano) + WiFi Fault + MQ135 Fault (ESP8266)", "status": "Orange/Red"},
    "136": {"description": "Moisture Sensor Fault (Nano) + WiFi Fault + MQ135 Fault (ESP8266)", "status": "Orange/Red"},
    "137": {"description": "RTC Fault + Moisture Sensor Fault (Nano) + WiFi Fault + MQ135 Fault (ESP8266)", "status": "Orange/Red"},
    "138": {"description": "LoRa Fault + Moisture Sensor Fault (Nano) + WiFi Fault + MQ135 Fault (ESP8266)", "status": "Orange/Red"},
    "139": {"description": "RTC Fault + LoRa Fault + Moisture Sensor Fault (Nano) + WiFi Fault + MQ135 Fault (ESP8266)", "status": "Orange/Red"},
    "140": {"description": "Modbus Fault + Moisture Sensor Fault (Nano) + WiFi Fault + MQ135 Fault (ESP8266)", "status": "Orange/Red"},
    "141": {"description": "RTC Fault + Modbus Fault + Moisture Sensor Fault (Nano) + WiFi Fault + MQ135 Fault (ESP8266)", "status": "Orange/Red"},
    "142": {"description": "LoRa Fault + Modbus Fault + Moisture Sensor Fault (Nano) + WiFi Fault + MQ135 Fault (ESP8266)", "status": "Orange/Red"},
    "143": {"description": "RTC Fault + LoRa Fault + Modbus Fault + Moisture Sensor Fault (Nano) + WiFi Fault + MQ135 Fault (ESP8266)", "status": "Orange/Red"},
    "144": {"description": "DHT11 Fault + MQ135 Fault (ESP8266)", "status": "Orange/Red"},
    "145": {"description": "RTC Fault (Nano) + DHT11 Fault + MQ135 Fault (ESP8266)", "status": "Orange/Red"},
    "146": {"description": "LoRa Fault (Nano) + DHT11 Fault + MQ135 Fault (ESP8266)", "status": "Orange/Red"},
    "147": {"description": "RTC Fault + LoRa Fault (Nano) + DHT11 Fault + MQ135 Fault (ESP8266)", "status": "Orange/Red"},
    "148": {"description": "Modbus Fault (Nano) + DHT11 Fault + MQ135 Fault (ESP8266)", "status": "Orange/Red"},
    "149": {"description": "RTC Fault + Modbus Fault (Nano) + DHT11 Fault + MQ135 Fault (ESP8266)", "status": "Orange/Red"},
    "150": {"description": "LoRa Fault + Modbus Fault (Nano) + DHT11 Fault + MQ135 Fault (ESP8266)", "status": "Orange/Red"},
    "151": {"description": "RTC Fault + LoRa Fault + Modbus Fault (Nano) + DHT11 Fault + MQ135 Fault (ESP8266)", "status": "Orange/Red"},
    "152": {"description": "Moisture Sensor Fault (Nano) + DHT11 Fault + MQ135 Fault (ESP8266)", "status": "Orange/Red"},
    "153": {"description": "RTC Fault + Moisture Sensor Fault (Nano) + DHT11 Fault + MQ135 Fault (ESP8266)", "status": "Orange/Red"},
    "154": {"description": "LoRa Fault + Moisture Sensor Fault (Nano) + DHT11 Fault + MQ135 Fault (ESP8266)", "status": "Orange/Red"},
    "155": {"description": "RTC Fault + LoRa Fault + Moisture Sensor Fault (Nano) + DHT11 Fault + MQ135 Fault (ESP8266)", "status": "Orange/Red"},
    "156": {"description": "Modbus Fault + Moisture Sensor Fault (Nano) + DHT11 Fault + MQ135 Fault (ESP8266)", "status": "Orange/Red"},
    "157": {"description": "RTC Fault + Modbus Fault + Moisture Sensor Fault (Nano) + DHT11 Fault + MQ135 Fault (ESP8266)", "status": "Orange/Red"},
    "158": {"description": "LoRa Fault + Modbus Fault + Moisture Sensor Fault (Nano) + DHT11 Fault + MQ135 Fault (ESP8266)", "status": "Orange/Red"},
    "159": {"description": "RTC Fault + LoRa Fault + Modbus Fault + Moisture Sensor Fault (Nano) + DHT11 Fault + MQ135 Fault (ESP8266)", "status": "Orange/Red"},
    "160": {"description": "WiFi Fault + DHT11 Fault + MQ135 Fault (ESP8266)", "status": "Orange/Red"},
    "161": {"description": "RTC Fault (Nano) + WiFi Fault + DHT11 Fault + MQ135 Fault (ESP8266)", "status": "Orange/Red"},
    "162": {"description": "LoRa Fault (Nano) + WiFi Fault + DHT11 Fault + MQ135 Fault (ESP8266)", "status": "Orange/Red"},
    "163": {"description": "RTC Fault + LoRa Fault (Nano) + WiFi Fault + DHT11 Fault + MQ135 Fault (ESP8266)", "status": "Orange/Red"},
    "164": {"description": "Modbus Fault (Nano) + WiFi Fault + DHT11 Fault + MQ135 Fault (ESP8266)", "status": "Orange/Red"},
    "165": {"description": "RTC Fault + Modbus Fault (Nano) + WiFi Fault + DHT11 Fault + MQ135 Fault (ESP8266)", "status": "Orange/Red"},
    "166": {"description": "LoRa Fault + Modbus Fault (Nano) + WiFi Fault + DHT11 Fault + MQ135 Fault (ESP8266)", "status": "Orange/Red"},
    "167": {"description": "RTC Fault + LoRa Fault + Modbus Fault (Nano) + WiFi Fault + DHT11 Fault + MQ135 Fault (ESP8266)", "status": "Orange/Red"},
    "168": {"description": "Moisture Sensor Fault (Nano) + WiFi Fault + DHT11 Fault + MQ135 Fault (ESP8266)", "status": "Orange/Red"},
    "169": {"description": "RTC Fault + Moisture Sensor Fault (Nano) + WiFi Fault + DHT11 Fault + MQ135 Fault (ESP8266)", "status": "Orange/Red"},
    "170": {"description": "LoRa Fault + Moisture Sensor Fault (Nano) + WiFi Fault + DHT11 Fault + MQ135 Fault (ESP8266)", "status": "Orange/Red"},
    "171": {"description": "RTC Fault + LoRa Fault + Moisture Sensor Fault (Nano) + WiFi Fault + DHT11 Fault + MQ135 Fault (ESP8266)", "status": "Orange/Red"},
    "172": {"description": "Modbus Fault + Moisture Sensor Fault (Nano) + WiFi Fault + DHT11 Fault + MQ135 Fault (ESP8266)", "status": "Orange/Red"},
    "173": {"description": "RTC Fault + Modbus Fault + Moisture Sensor Fault (Nano) + WiFi Fault + DHT11 Fault + MQ135 Fault (ESP8266)", "status": "Orange/Red"},
    "174": {"description": "LoRa Fault + Modbus Fault + Moisture Sensor Fault (Nano) + WiFi Fault + DHT11 Fault + MQ135 Fault (ESP8266)", "status": "Orange/Red"},
    "175": {"description": "RTC Fault + LoRa Fault + Modbus Fault + Moisture Sensor Fault (Nano) + WiFi Fault + DHT11 Fault + MQ135 Fault (ESP8266)", "status": "Orange/Red"},
    "176": {"description": "DS18B20 Fault + MQ135 Fault (ESP8266)", "status": "Orange/Red"},
    "177": {"description": "RTC Fault (Nano) + DS18B20 Fault + MQ135 Fault (ESP8266)", "status": "Orange/Red"},
    "178": {"description": "LoRa Fault (Nano) + DS18B20 Fault + MQ135 Fault (ESP8266)", "status": "Orange/Red"},
    "179": {"description": "RTC Fault + LoRa Fault (Nano) + DS18B20 Fault + MQ135 Fault (ESP8266)", "status": "Orange/Red"},
    "180": {"description": "Modbus Fault (Nano) + DS18B20 Fault + MQ135 Fault (ESP8266)", "status": "Orange/Red"},
    "181": {"description": "RTC Fault + Modbus Fault (Nano) + DS18B20 Fault + MQ135 Fault (ESP8266)", "status": "Orange/Red"},
    "182": {"description": "LoRa Fault + Modbus Fault (Nano) + DS18B20 Fault + MQ135 Fault (ESP8266)", "status": "Orange/Red"},
    "183": {"description": "RTC Fault + LoRa Fault + Modbus Fault (Nano) + DS18B20 Fault + MQ135 Fault (ESP8266)", "status": "Orange/Red"},
    "184": {"description": "Moisture Sensor Fault (Nano) + DS18B20 Fault + MQ135 Fault (ESP8266)", "status": "Orange/Red"},
    "185": {"description": "RTC Fault + Moisture Sensor Fault (Nano) + DS18B20 Fault + MQ135 Fault (ESP8266)", "status": "Orange/Red"},
    "186": {"description": "LoRa Fault + Moisture Sensor Fault (Nano) + DS18B20 Fault + MQ135 Fault (ESP8266)", "status": "Orange/Red"},
    "187": {"description": "RTC Fault + LoRa Fault + Moisture Sensor Fault (Nano) + DS18B20 Fault + MQ135 Fault (ESP8266)", "status": "Orange/Red"},
    "188": {"description": "Modbus Fault + Moisture Sensor Fault (Nano) + DS18B20 Fault + MQ135 Fault (ESP8266)", "status": "Orange/Red"},
    "189": {"description": "RTC Fault + Modbus Fault + Moisture Sensor Fault (Nano) + DS18B20 Fault + MQ135 Fault (ESP8266)", "status": "Orange/Red"},
    "190": {"description": "LoRa Fault + Modbus Fault + Moisture Sensor Fault (Nano) + DS18B20 Fault + MQ135 Fault (ESP8266)", "status": "Orange/Red"},
    "191": {"description": "RTC Fault + LoRa Fault + Modbus Fault + Moisture Sensor Fault (Nano) + DS18B20 Fault + MQ135 Fault (ESP8266)", "status": "Orange/Red"},
    "192": {"description": "WiFi Fault + DS18B20 Fault + MQ135 Fault (ESP8266)", "status": "Orange/Red"},
    "193": {"description": "RTC Fault (Nano) + WiFi Fault + DS18B20 Fault + MQ135 Fault (ESP8266)", "status": "Orange/Red"},
    "194": {"description": "LoRa Fault (Nano) + WiFi Fault + DS18B20 Fault + MQ135 Fault (ESP8266)", "status": "Orange/Red"},
    "195": {"description": "RTC Fault + LoRa Fault (Nano) + WiFi Fault + DS18B20 Fault + MQ135 Fault (ESP8266)", "status": "Orange/Red"},
    "196": {"description": "Modbus Fault (Nano) + WiFi Fault + DS18B20 Fault + MQ135 Fault (ESP8266)", "status": "Orange/Red"},
    "197": {"description": "RTC Fault + Modbus Fault (Nano) + WiFi Fault + DS18B20 Fault + MQ135 Fault (ESP8266)", "status": "Orange/Red"},
    "198": {"description": "LoRa Fault + Modbus Fault (Nano) + WiFi Fault + DS18B20 Fault + MQ135 Fault (ESP8266)", "status": "Orange/Red"},
    "199": {"description": "RTC Fault + LoRa Fault + Modbus Fault (Nano) + WiFi Fault + DS18B20 Fault + MQ135 Fault (ESP8266)", "status": "Orange/Red"},
    "200": {"description": "Moisture Sensor Fault (Nano) + WiFi Fault + DS18B20 Fault + MQ135 Fault (ESP8266)", "status": "Orange/Red"},
    "201": {"description": "RTC Fault + Moisture Sensor Fault (Nano) + WiFi Fault + DS18B20 Fault + MQ135 Fault (ESP8266)", "status": "Orange/Red"},
    "202": {"description": "LoRa Fault + Moisture Sensor Fault (Nano) + WiFi Fault + DS18B20 Fault + MQ135 Fault (ESP8266)", "status": "Orange/Red"},
    "203": {"description": "RTC Fault + LoRa Fault + Moisture Sensor Fault (Nano) + WiFi Fault + DS18B20 Fault + MQ135 Fault (ESP8266)", "status": "Orange/Red"},
    "204": {"description": "Modbus Fault + Moisture Sensor Fault (Nano) + WiFi Fault + DS18B20 Fault + MQ135 Fault (ESP8266)", "status": "Orange/Red"},
    "205": {"description": "RTC Fault + Modbus Fault + Moisture Sensor Fault (Nano) + WiFi Fault + DS18B20 Fault + MQ135 Fault (ESP8266)", "status": "Orange/Red"},
    "206": {"description": "LoRa Fault + Modbus Fault + Moisture Sensor Fault (Nano) + WiFi Fault + DS18B20 Fault + MQ135 Fault (ESP8266)", "status": "Orange/Red"},
    "207": {"description": "RTC Fault + LoRa Fault + Modbus Fault + Moisture Sensor Fault (Nano) + WiFi Fault + DS18B20 Fault + MQ135 Fault (ESP8266)", "status": "Orange/Red"},
    "208": {"description": "DHT11 Fault + DS18B20 Fault + MQ135 Fault (ESP8266)", "status": "Orange/Red"},
    "209": {"description": "RTC Fault (Nano) + DHT11 Fault + DS18B20 Fault + MQ135 Fault (ESP8266)", "status": "Orange/Red"},
    "210": {"description": "LoRa Fault (Nano) + DHT11 Fault + DS18B20 Fault + MQ135 Fault (ESP8266)", "status": "Orange/Red"},
    "211": {"description": "RTC Fault + LoRa Fault (Nano) + DHT11 Fault + DS18B20 Fault + MQ135 Fault (ESP8266)", "status": "Orange/Red"},
    "212": {"description": "Modbus Fault (Nano) + DHT11 Fault + DS18B20 Fault + MQ135 Fault (ESP8266)", "status": "Orange/Red"},
    "213": {"description": "RTC Fault + Modbus Fault (Nano) + DHT11 Fault + DS18B20 Fault + MQ135 Fault (ESP8266)", "status": "Orange/Red"},
    "214": {"description": "LoRa Fault + Modbus Fault (Nano) + DHT11 Fault + DS18B20 Fault + MQ135 Fault (ESP8266)", "status": "Orange/Red"},
    "215": {"description": "RTC Fault + LoRa Fault + Modbus Fault (Nano) + DHT11 Fault + DS18B20 Fault + MQ135 Fault (ESP8266)", "status": "Orange/Red"},
    "216": {"description": "Moisture Sensor Fault (Nano) + DHT11 Fault + DS18B20 Fault + MQ135 Fault (ESP8266)", "status": "Orange/Red"},
    "217": {"description": "RTC Fault + Moisture Sensor Fault (Nano) + DHT11 Fault + DS18B20 Fault + MQ135 Fault (ESP8266)", "status": "Orange/Red"},
    "218": {"description": "LoRa Fault + Moisture Sensor Fault (Nano) + DHT11 Fault + DS18B20 Fault + MQ135 Fault (ESP8266)", "status": "Orange/Red"},
    "219": {"description": "RTC Fault + LoRa Fault + Moisture Sensor Fault (Nano) + DHT11 Fault + DS18B20 Fault + MQ135 Fault (ESP8266)", "status": "Orange/Red"},
    "220": {"description": "Modbus Fault + Moisture Sensor Fault (Nano) + DHT11 Fault + DS18B20 Fault + MQ135 Fault (ESP8266)", "status": "Orange/Red"},
    "221": {"description": "RTC Fault + Modbus Fault + Moisture Sensor Fault (Nano) + DHT11 Fault + DS18B20 Fault + MQ135 Fault (ESP8266)", "status": "Orange/Red"},
    "222": {"description": "LoRa Fault + Modbus Fault + Moisture Sensor Fault (Nano) + DHT11 Fault + DS18B20 Fault + MQ135 Fault (ESP8266)", "status": "Orange/Red"},
    "223": {"description": "RTC Fault + LoRa Fault + Modbus Fault + Moisture Sensor Fault (Nano) + DHT11 Fault + DS18B20 Fault + MQ135 Fault (ESP8266)", "status": "Orange/Red"},
    "224": {"description": "WiFi Fault + DHT11 Fault + DS18B20 Fault + MQ135 Fault (ESP8266)", "status": "Orange/Red"},
    "225": {"description": "RTC Fault (Nano) + WiFi Fault + DHT11 Fault + DS18B20 Fault + MQ135 Fault (ESP8266)", "status": "Orange/Red"},
    "226": {"description": "LoRa Fault (Nano) + WiFi Fault + DHT11 Fault + DS18B20 Fault + MQ135 Fault (ESP8266)", "status": "Orange/Red"},
    "227": {"description": "RTC Fault + LoRa Fault (Nano) + WiFi Fault + DHT11 Fault + DS18B20 Fault + MQ135 Fault (ESP8266)", "status": "Orange/Red"},
    "228": {"description": "Modbus Fault (Nano) + WiFi Fault + DHT11 Fault + DS18B20 Fault + MQ135 Fault (ESP8266)", "status": "Orange/Red"},
    "229": {"description": "RTC Fault + Modbus Fault (Nano) + WiFi Fault + DHT11 Fault + DS18B20 Fault + MQ135 Fault (ESP8266)", "status": "Orange/Red"},
    "230": {"description": "LoRa Fault + Modbus Fault (Nano) + WiFi Fault + DHT11 Fault + DS18B20 Fault + MQ135 Fault (ESP8266)", "status": "Orange/Red"},
    "231": {"description": "RTC Fault + LoRa Fault + Modbus Fault (Nano) + WiFi Fault + DHT11 Fault + DS18B20 Fault + MQ135 Fault (ESP8266)", "status": "Orange/Red"},
    "232": {"description": "Moisture Sensor Fault (Nano) + WiFi Fault + DHT11 Fault + DS18B20 Fault + MQ135 Fault (ESP8266)", "status": "Orange/Red"},
    "233": {"description": "RTC Fault + Moisture Sensor Fault (Nano) + WiFi Fault + DHT11 Fault + DS18B20 Fault + MQ135 Fault (ESP8266)", "status": "Orange/Red"},
    "234": {"description": "LoRa Fault + Moisture Sensor Fault (Nano) + WiFi Fault + DHT11 Fault + DS18B20 Fault + MQ135 Fault (ESP8266)", "status": "Orange/Red"},
    "235": {"description": "RTC Fault + LoRa Fault + Moisture Sensor Fault (Nano) + WiFi Fault + DHT11 Fault + DS18B20 Fault + MQ135 Fault (ESP8266)", "status": "Orange/Red"},
    "236": {"description": "Modbus Fault + Moisture Sensor Fault (Nano) + WiFi Fault + DHT11 Fault + DS18B20 Fault + MQ135 Fault (ESP8266)", "status": "Orange/Red"},
    "237": {"description": "RTC Fault + Modbus Fault + Moisture Sensor Fault (Nano) + WiFi Fault + DHT11 Fault + DS18B20 Fault + MQ135 Fault (ESP8266)", "status": "Orange/Red"},
    "238": {"description": "LoRa Fault + Modbus Fault + Moisture Sensor Fault (Nano) + WiFi Fault + DHT11 Fault + DS18B20 Fault + MQ135 Fault (ESP8266)", "status": "Orange/Red"},
    "239": {"description": "RTC Fault + LoRa Fault + Modbus Fault + Moisture Sensor Fault (Nano) + WiFi Fault + DHT11 Fault + DS18B20 Fault + MQ135 Fault (ESP8266)", "status": "Orange/Red"},
    "240": {"description": "DHT11 Fault + DS18B20 Fault + MQ135 Fault (ESP8266)", "status": "Orange/Red"},
    "241": {"description": "RTC Fault (Nano) + DHT11 Fault + DS18B20 Fault + MQ135 Fault (ESP8266)", "status": "Orange/Red"},
    "242": {"description": "LoRa Fault (Nano) + DHT11 Fault + DS18B20 Fault + MQ135 Fault (ESP8266)", "status": "Orange/Red"},
    "243": {"description": "RTC Fault + LoRa Fault (Nano) + DHT11 Fault + DS18B20 Fault + MQ135 Fault (ESP8266)", "status": "Orange/Red"},
    "244": {"description": "Modbus Fault (Nano) + DHT11 Fault + DS18B20 Fault + MQ135 Fault (ESP8266)", "status": "Orange/Red"},
    "245": {"description": "RTC Fault + Modbus Fault (Nano) + DHT11 Fault + DS18B20 Fault + MQ135 Fault (ESP8266)", "status": "Orange/Red"},
    "246": {"description": "LoRa Fault + Modbus Fault (Nano) + DHT11 Fault + DS18B20 Fault + MQ135 Fault (ESP8266)", "status": "Orange/Red"},
    "247": {"description": "RTC Fault + LoRa Fault + Modbus Fault (Nano) + DHT11 Fault + DS18B20 Fault + MQ135 Fault (ESP8266)", "status": "Orange/Red"},
    "248": {"description": "Moisture Sensor Fault (Nano) + DHT11 Fault + DS18B20 Fault + MQ135 Fault (ESP8266)", "status": "Orange/Red"},
    "249": {"description": "RTC Fault + Moisture Sensor Fault (Nano) + DHT11 Fault + DS18B20 Fault + MQ135 Fault (ESP8266)", "status": "Orange/Red"},
    "250": {"description": "LoRa Fault + Moisture Sensor Fault (Nano) + DHT11 Fault + DS18B20 Fault + MQ135 Fault (ESP8266)", "status": "Orange/Red"},
    "251": {"description": "RTC Fault + LoRa Fault + Moisture Sensor Fault (Nano) + DHT11 Fault + DS18B20 Fault + MQ135 Fault (ESP8266)", "status": "Orange/Red"},
    "252": {"description": "Modbus Fault + Moisture Sensor Fault (Nano) + DHT11 Fault + DS18B20 Fault + MQ135 Fault (ESP8266)", "status": "Orange/Red"},
    "253": {"description": "RTC Fault + Modbus Fault + Moisture Sensor Fault (Nano) + DHT11 Fault + DS18B20 Fault + MQ135 Fault (ESP8266)", "status": "Orange/Red"},
    "254": {"description": "LoRa Fault + Modbus Fault + Moisture Sensor Fault (Nano) + DHT11 Fault + DS18B20 Fault + MQ135 Fault (ESP8266)", "status": "Orange/Red"},
    "255": {"description": "All systems have faults", "status": "Orange/Red"}
  },
  "thresholds": {
    "0": "Green (No faults)",
    "1-15": "Yellow (Nano faults only)",
    "16-255": "Orange/Red (ESP8266 faults present)"
  },
  "instructions": "Use the fault code (0-255) to look up the description and status. The code is the sum of the individual fault values."
}