{
  "soil_data": {
    "timestamp": "2025-08-08T17:36:27Z",
    "Nitrogen (N)": "4.64 mg/kg",
    "Phosphorus (P)": "9.95 mg/kg",
    "Potassium (K)": "24.18 mg/kg",
    "pH Level": "6.40",
    "Soil Moisture": "0.10%",
    "entry_id": 485
  },
  "weather_data": {
    "location": "Salem, Tamil Nadu, India",
    "temperature": "23.6\u00b0C (74.5\u00b0F)",
    "conditions": "Light rain shower",
    "humidity": "91%",
    "wind": "5.4 km/h (S)",
    "pressure": "1009.0 mb",
    "last_updated": "2025-08-09 02:15",
    "local_time": "2025-08-09 02:27"
  },
  "timestamp": "20250808_135531"
}